{
  "(0.0, 10)": {
    "fid": 21.99666731899879,
    "time_ms": 47722.8876953125,
    "lpips": 0.20122304558753967
  },
  "(0.0, 20)": {
    "fid": 15.210081416344167,
    "time_ms": 438610.61328125,
    "lpips": 0.20365194976329803
  },
  "(0.0, 50)": {
    "fid": 12.969891596256957,
    "time_ms": 2998579.625,
    "lpips": 0.20483435690402985
  },
  "(0.0, 100)": {
    "fid": 12.51538645764225,
    "time_ms": 5996327.0,
    "lpips": 0.20548401772975922
  },
  "(0.2, 10)": {
    "fid": 22.53684124702994,
    "time_ms": 599363.0625,
    "lpips": 0.20772989094257355
  },
  "(0.2, 20)": {
    "fid": 15.552597358025764,
    "time_ms": 1199646.0625,
    "lpips": 0.2099210023880005
  },
  "(0.2, 50)": {
    "fid": 12.965572412059373,
    "time_ms": 2999077.96875,
    "lpips": 0.20661291480064392
  },
  "(0.2, 100)": {
    "fid": 12.423689406099754,
    "time_ms": 5988693.25,
    "lpips": 0.20387907326221466
  },
  "(0.5, 10)": {
    "fid": 24.436142835216003,
    "time_ms": 599781.796875,
    "lpips": 0.2114432007074356
  },
  "(0.5, 20)": {
    "fid": 15.955712474816266,
    "time_ms": 1199577.59375,
    "lpips": 0.21468175947666168
  },
  "(0.5, 50)": {
    "fid": 13.375385551008435,
    "time_ms": 2999078.40625,
    "lpips": 0.21067115664482117
  },
  "(0.5, 100)": {
    "fid": 12.62046427140831,
    "time_ms": 5998278.875,
    "lpips": 0.20947536826133728
  },
  "(1.0, 10)": {
    "fid": 49.35176838061153,
    "time_ms": 404379.453125,
    "lpips": 0.24018976092338562
  },
  "(1.0, 20)": {
    "fid": 25.924283986212288,
    "time_ms": 369200.09765625,
    "lpips": 0.23245267570018768
  },
  "(1.0, 50)": {
    "fid": 16.13223821339102,
    "time_ms": 2016435.90625,
    "lpips": 0.21159808337688446
  },
  "(1.0, 100)": {
    "fid": 13.545697968395302,
    "time_ms": 4982980.15625,
    "lpips": 0.2066263109445572
  }
}